code,area,year,domestic_consumers _sales_GWh,domestic_ consumers_number_of_consumers_(thousands),commercial_and_industrial_consumers_sales_GWh,commercial_and_industrial_consumers_number_of_consumers_(thousands),all_consumers_sales_GWh,all_consumers_number_of_consumers_(thousands),sales_per_consumer_domestic_kWh,sales_per_consumer_commercial_and_industrial_kWh
E09000002,Barking and Dagenham,2001,961,56,339,1,1300,57,17151,538825
E09000003,Barnet,2001,2825,118,930,4,3755,122,23964,227728
E09000004,Bexley,2001,1615,79,1198,1,2813,80,20463,1335027
E09000005,Brent,2001,1962,94,817,2,2779,96,20979,400457
E09000006,Bromley,2001,2711,120,673,2,3383,123,22501,297386
E09000007,Camden,2001,693,40,984,2,1677,42,17189,503755
E09000001,City of London,2001,869,50,1661,3,2530,53,17282,585754
E09000008,Croydon,2001,2767,131,791,2,3558,133,21181,340135
E09000009,Ealing,2001,2072,103,1241,2,3313,105,20159,521306
E09000010,Enfield,2001,2159,106,836,2,2996,108,20346,443924
E09000011,Greenwich,2001,1508,80,1060,1,2568,81,18835,812301
E09000012,Hackney,2001,1210,73,444,1,1654,74,16580,323759
E09000013,Hammersmith and Fulham,2001,1297,75,852,2,2149,77,17243,487872
E09000014,Haringey,2001,1799,92,541,2,2341,94,19518,263895
E09000015,Harrow,2001,1636,69,886,1,2522,70,23716,686116
E09000016,Havering,2001,1726,83,347,1,2073,84,20759,313813
E09000017,Hillingdon,2001,2136,101,1249,2,3386,103,21180,679688
E09000018,Hounslow,2001,1533,78,1040,2,2573,79,19774,665710
E09000019,Islington,2001,1337,81,1266,2,2603,84,16472,535019
E09000020,Kensington and Chelsea,2001,1074,61,3498,3,4572,64,17474,1220825
E09000021,Kingston upon Thames,2001,1100,51,292,1,1392,53,21373,267451
E09000022,Lambeth,2001,2171,121,1192,2,3363,124,17902,491503
E09000023,Lewisham,2001,1667,97,934,2,2601,99,17212,516525
E09000024,Merton,2001,1459,75,654,1,2113,76,19584,445396
E09000025,Newham,2001,1821,102,1286,2,3108,104,17831,796374
E09000026,Redbridge,2001,2037,95,415,2,2451,97,21363,272564
E09000027,Richmond upon Thames,2001,1853,88,768,2,2621,90,21084,330657
E09000028,Southwark,2001,1634,99,1160,2,2794,101,16462,669077
E09000029,Sutton,2001,1520,72,523,1,2043,74,21034,392986
E09000030,Tower Hamlets,2001,1248,85,1177,2,2425,86,14769,652882
E09000031,Waltham Forest,2001,1692,90,502,1,2194,92,18737,375752
E09000032,Wandsworth,2001,1908,101,969,2,2877,104,18823,445259
E09000033,Westminster,2001,1275,83,3311,6,4586,89,15422,545075
E09000002,Barking and Dagenham,2002,989,57,311,1,1300,57,17438,463817
E09000003,Barnet,2002,2830,117,1036,4,3866,121,24184,250113
E09000004,Bexley,2002,1661,81,1258,1,2919,81,20625,1398598
E09000005,Brent,2002,1887,89,810,2,2697,91,21205,429107
E09000006,Bromley,2002,2687,119,722,2,3409,121,22656,322532
E09000007,Camden,2002,700,41,1054,2,1755,43,17157,534782
E09000001,City of London,2002,840,49,1767,3,2607,51,17258,630525
E09000008,Croydon,2002,2755,129,968,2,3723,131,21418,418550
E09000009,Ealing,2002,2079,102,1072,2,3150,105,20305,462453
E09000010,Enfield,2002,2202,106,886,2,3088,108,20835,474537
E09000011,Greenwich,2002,1523,80,1102,1,2625,81,19135,847041
E09000012,Hackney,2002,1236,73,475,1,1711,75,16835,351873
E09000013,Hammersmith and Fulham,2002,1314,75,922,2,2236,77,17518,515440
E09000014,Haringey,2002,1830,91,641,2,2471,93,20031,309847
E09000015,Harrow,2002,1650,69,949,1,2599,71,23794,743049
E09000016,Havering,2002,1768,84,387,1,2154,86,20955,328041
E09000017,Hillingdon,2002,2156,102,1368,2,3524,103,21234,746992
E09000018,Hounslow,2002,1558,78,1274,2,2832,80,19874,806746
E09000019,Islington,2002,1347,80,1386,2,2733,83,16738,579897
E09000020,Kensington and Chelsea,2002,1071,61,1339,3,2410,64,17518,474785
E09000021,Kingston upon Thames,2002,1132,53,326,1,1458,54,21546,282216
E09000022,Lambeth,2002,2197,122,1165,2,3362,124,18074,486912
E09000023,Lewisham,2002,1699,98,993,2,2691,100,17387,549623
E09000024,Merton,2002,1449,73,739,2,2189,75,19858,473402
E09000025,Newham,2002,1857,103,1400,2,3257,105,18048,859747
E09000026,Redbridge,2002,2084,97,450,2,2534,98,21504,294450
E09000027,Richmond upon Thames,2002,1883,89,805,2,2688,91,21235,343915
E09000028,Southwark,2002,1678,101,1262,2,2940,102,16678,714463
E09000029,Sutton,2002,1575,75,552,1,2127,76,21073,394525
E09000030,Tower Hamlets,2002,1218,83,1239,2,2456,84,14758,710076
E09000031,Waltham Forest,2002,1703,89,565,1,2267,90,19142,408806
E09000032,Wandsworth,2002,1918,101,1016,2,2935,103,19006,464203
E09000033,Westminster,2002,1272,83,3575,6,4847,89,15357,580896
E09000002,Barking and Dagenham,2003,877,52,347,1,1224,52,16938,538725
E09000003,Barnet,2003,2832,117,981,4,3814,121,24313,232706
E09000004,Bexley,2003,1765,86,1268,1,3033,87,20590,1295777
E09000005,Brent,2003,2011,94,839,2,2850,97,21298,400313
E09000006,Bromley,2003,2849,127,753,2,3602,130,22366,304594
E09000007,Camden,2003,729,42,1131,2,1860,44,17292,536065
E09000001,City of London,2003,876,51,1833,3,2709,54,17175,644326
E09000008,Croydon,2003,2744,128,803,2,3547,131,21407,324153
E09000009,Ealing,2003,2130,104,1080,2,3210,107,20457,434854
E09000010,Enfield,2003,2190,103,835,2,3024,105,21171,426472
E09000011,Greenwich,2003,1449,76,1100,1,2548,77,19148,883577
E09000012,Hackney,2003,1089,64,415,1,1505,66,16906,323914
E09000013,Hammersmith and Fulham,2003,1264,73,945,2,2209,75,17309,554645
E09000014,Haringey,2003,1796,89,634,2,2429,92,20089,284381
E09000015,Harrow,2003,1610,68,936,1,2547,69,23765,709924
E09000016,Havering,2003,1901,90,408,1,2309,92,21015,280213
E09000017,Hillingdon,2003,2200,104,1718,2,3918,106,21114,897110
E09000018,Hounslow,2003,1555,78,1088,2,2644,80,19893,684036
E09000019,Islington,2003,1376,82,1265,2,2640,84,16842,522523
E09000020,Kensington and Chelsea,2003,1158,67,1430,3,2588,70,17199,465927
E09000021,Kingston upon Thames,2003,1238,58,354,1,1592,59,21457,275684
E09000022,Lambeth,2003,2109,117,1142,2,3251,119,18069,478057
E09000023,Lewisham,2003,1685,96,964,2,2649,98,17499,513921
E09000024,Merton,2003,1454,72,658,2,2111,74,20069,410753
E09000025,Newham,2003,1925,106,1130,2,3055,108,18086,631811
E09000026,Redbridge,2003,2023,94,456,2,2479,95,21620,287360
E09000027,Richmond upon Thames,2003,1878,89,836,2,2713,91,21109,347233
E09000028,Southwark,2003,1636,98,1398,2,3035,100,16686,804490
E09000029,Sutton,2003,1580,74,534,1,2114,76,21313,369049
E09000030,Tower Hamlets,2003,1246,84,1648,2,2894,86,14814,914689
E09000031,Waltham Forest,2003,1736,90,537,2,2272,92,19282,345745
E09000032,Wandsworth,2003,1896,100,994,2,2890,102,18982,432558
E09000033,Westminster,2003,1267,83,3925,6,5193,90,15218,629674
E09000002,Barking and Dagenham,2004,1003,63,788,1,1792,64,15855,981924
E09000003,Barnet,2004,2753,120,890,4,3644,124,22952,217411
E09000004,Bexley,2004,1676,86,906,1,2582,87,19401,894491
E09000005,Brent,2004,2051,99,724,2,2775,101,20759,336151
E09000006,Bromley,2004,2656,123,602,2,3258,125,21555,265779
E09000007,Camden,2004,1259,78,1683,4,2942,81,16215,446356
E09000001,City of London,2004,39,3,984,1,1023,4,14900,872520
E09000008,Croydon,2004,2668,130,933,2,3600,132,20533,378298
E09000009,Ealing,2004,2205,114,890,2,3095,116,19389,371372
E09000010,Enfield,2004,2068,103,739,2,2806,105,20141,374032
E09000011,Greenwich,2004,1535,88,1031,1,2566,89,17485,753438
E09000012,Hackney,2004,1363,86,402,2,1765,88,15797,250431
E09000013,Hammersmith and Fulham,2004,1205,73,725,1,1930,75,16463,485352
E09000014,Haringey,2004,1747,92,500,2,2247,94,19027,237019
E09000015,Harrow,2004,1774,78,762,2,2536,79,22801,452575
E09000016,Havering,2004,1818,91,373,2,2190,93,19955,238408
E09000017,Hillingdon,2004,1851,93,1676,2,3527,95,19960,890670
E09000018,Hounslow,2004,1504,79,1042,2,2546,81,19002,628178
E09000019,Islington,2004,1287,83,917,2,2203,85,15411,468126
E09000020,Kensington and Chelsea,2004,1143,70,1114,3,2257,74,16276,342015
E09000021,Kingston upon Thames,2004,1151,57,318,1,1469,58,20245,255510
E09000022,Lambeth,2004,1941,115,918,2,2859,117,16941,432439
E09000023,Lewisham,2004,1851,105,417,1,2268,106,17681,278919
E09000024,Merton,2004,1384,73,480,2,1864,75,18925,309488
E09000025,Newham,2004,1498,89,1490,1,2988,90,16785,1185559
E09000026,Redbridge,2004,1844,88,370,1,2214,89,21024,271018
E09000027,Richmond upon Thames,2004,1542,76,498,2,2040,77,20413,271898
E09000028,Southwark,2004,1442,100,1133,2,2575,102,14467,536583
E09000029,Sutton,2004,1338,67,375,1,1713,68,19957,322273
E09000030,Tower Hamlets,2004,955,72,913,1,1868,73,13301,610531
E09000031,Waltham Forest,2004,1596,88,434,1,2029,89,18165,322787
E09000032,Wandsworth,2004,2033,115,986,2,3019,117,17703,419851
E09000033,Westminster,2004,1285,88,3249,6,4533,94,14584,518070
E09000002,Barking and Dagenham,2005,991,64,326,1,1316,65,15415,461736
E09000003,Barnet,2005,2728,121,808,4,3536,125,22502,219985
E09000004,Bexley,2005,1647,87,895,1,2543,88,18995,946537
E09000005,Brent,2005,2003,99,640,2,2643,100,20316,339455
E09000006,Bromley,2005,2606,123,568,2,3174,125,21129,268700
E09000007,Camden,2005,1238,78,1613,4,2851,82,15844,453066
E09000001,City of London,2005,37,2,945,1,982,4,15105,842338
E09000008,Croydon,2005,2636,131,895,2,3531,133,20170,402760
E09000009,Ealing,2005,2179,114,844,2,3023,116,19088,386478
E09000010,Enfield,2005,2023,103,730,2,2752,105,19676,426429
E09000011,Greenwich,2005,1531,90,1030,1,2561,92,16957,833321
E09000012,Hackney,2005,1324,87,363,1,1687,88,15305,253935
E09000013,Hammersmith and Fulham,2005,1183,73,678,1,1861,75,16128,496505
E09000014,Haringey,2005,1719,93,446,2,2165,94,18573,238324
E09000015,Harrow,2005,1755,79,698,1,2453,80,22342,467446
E09000016,Havering,2005,1784,92,348,1,2133,93,19421,274660
E09000017,Hillingdon,2005,1821,93,1723,2,3544,95,19583,1008700
E09000018,Hounslow,2005,1493,80,878,2,2371,81,18684,567862
E09000019,Islington,2005,1254,84,714,2,1968,86,14957,398095
E09000020,Kensington and Chelsea,2005,1128,71,1072,3,2200,74,15987,342596
E09000021,Kingston upon Thames,2005,1145,57,309,1,1454,59,19938,266846
E09000022,Lambeth,2005,1899,115,871,2,2771,117,16517,448985
E09000023,Lewisham,2005,1812,105,421,1,2234,107,17221,310921
E09000024,Merton,2005,1371,74,447,1,1817,75,18644,316861
E09000025,Newham,2005,1467,90,1356,1,2823,91,16336,1158123
E09000026,Redbridge,2005,1834,90,351,1,2185,91,20398,280035
E09000027,Richmond upon Thames,2005,1526,76,511,2,2037,77,20145,307135
E09000028,Southwark,2005,1412,100,1127,2,2539,102,14106,566830
E09000029,Sutton,2005,1326,68,372,1,1698,69,19593,348076
E09000030,Tower Hamlets,2005,931,72,775,1,1706,73,12921,539960
E09000031,Waltham Forest,2005,1572,88,420,1,1992,90,17760,351708
E09000032,Wandsworth,2005,2003,115,937,2,2940,117,17361,446113
E09000033,Westminster,2005,1258,88,3101,6,4359,94,14249,508558
E09000002,Barking and Dagenham,2006,950,65,256,1,1206,65,14672,374981
E09000003,Barnet,2006,2660,122,747,3,3407,126,21760,216886
E09000004,Bexley,2006,1592,87,896,1,2488,88,18265,947325
E09000005,Brent,2006,1947,100,582,2,2530,102,19510,323949
E09000006,Bromley,2006,2531,125,611,2,3142,127,20291,303119
E09000007,Camden,2006,1192,78,1617,3,2809,81,15279,471044
E09000001,City of London,2006,36,3,889,1,925,4,14027,807118
E09000008,Croydon,2006,2547,131,646,2,3193,133,19399,296734
E09000009,Ealing,2006,2121,115,831,2,2952,117,18416,400695
E09000010,Enfield,2006,1957,104,692,2,2650,106,18814,424322
E09000011,Greenwich,2006,1479,91,995,1,2474,92,16218,845857
E09000012,Hackney,2006,1267,87,352,1,1619,88,14558,267931
E09000013,Hammersmith and Fulham,2006,1138,73,663,1,1801,75,15490,494686
E09000014,Haringey,2006,1644,93,429,2,2074,95,17662,249746
E09000015,Harrow,2006,1710,79,669,1,2379,81,21606,472936
E09000016,Havering,2006,1722,93,288,1,2010,94,18564,247224
E09000017,Hillingdon,2006,1782,94,1572,2,3353,96,18896,973956
E09000018,Hounslow,2006,1452,80,833,1,2285,82,18042,569920
E09000019,Islington,2006,1206,85,745,2,1951,87,14199,432844
E09000020,Kensington and Chelsea,2006,1091,71,1047,3,2138,74,15428,345927
E09000021,Kingston upon Thames,2006,1109,58,285,1,1394,59,19284,250928
E09000022,Lambeth,2006,1827,116,855,2,2682,118,15774,466683
E09000023,Lewisham,2006,1736,106,364,1,2099,107,16438,289969
E09000024,Merton,2006,1328,74,433,1,1761,75,17994,321381
E09000025,Newham,2006,1409,90,1310,1,2720,91,15672,1167714
E09000026,Redbridge,2006,1781,91,333,1,2114,92,19609,279049
E09000027,Richmond upon Thames,2006,1477,76,485,2,1962,77,19457,311121
E09000028,Southwark,2006,1361,101,1020,2,2381,103,13454,525875
E09000029,Sutton,2006,1292,68,367,1,1658,69,18924,353728
E09000030,Tower Hamlets,2006,918,74,802,1,1720,75,12442,575678
E09000031,Waltham Forest,2006,1522,89,440,1,1962,90,17049,372195
E09000032,Wandsworth,2006,1934,116,837,2,2771,118,16681,418586
E09000033,Westminster,2006,1224,89,3115,6,4339,95,13804,523455
E09000002,Barking and Dagenham,2007,931,65,247,1,1178,66,14232,414241
E09000003,Barnet,2007,2623,123,696,3,3319,127,21252,218111
E09000004,Bexley,2007,1541,88,810,1,2351,89,17552,924653
E09000005,Brent,2007,1919,101,555,2,2474,102,19040,334653
E09000006,Bromley,2007,2476,126,505,2,2980,128,19654,279349
E09000007,Camden,2007,1173,79,1543,3,2715,82,14914,478190
E09000001,City of London,2007,37,3,927,1,964,4,13901,871130
E09000008,Croydon,2007,2497,133,554,2,3051,135,18762,280403
E09000009,Ealing,2007,2084,117,772,2,2856,119,17867,403330
E09000010,Enfield,2007,1923,105,695,2,2618,106,18315,461505
E09000011,Greenwich,2007,1437,92,979,1,2416,93,15614,886726
E09000012,Hackney,2007,1253,89,315,1,1568,90,14119,273564
E09000013,Hammersmith and Fulham,2007,1110,74,598,1,1708,75,15010,512454
E09000014,Haringey,2007,1613,94,397,2,2011,95,17174,261797
E09000015,Harrow,2007,1696,80,678,1,2374,81,21168,535763
E09000016,Havering,2007,1679,94,256,1,1936,95,17931,249950
E09000017,Hillingdon,2007,1753,95,1478,1,3231,97,18439,997267
E09000018,Hounslow,2007,1429,82,780,1,2209,83,17518,585391
E09000019,Islington,2007,1182,86,715,2,1897,88,13700,471018
E09000020,Kensington and Chelsea,2007,1067,71,963,3,2031,74,15028,338500
E09000021,Kingston upon Thames,2007,1080,58,299,1,1380,59,18649,281274
E09000022,Lambeth,2007,1775,117,804,2,2579,119,15178,461014
E09000023,Lewisham,2007,1692,106,328,1,2020,107,15921,276296
E09000024,Merton,2007,1298,74,401,1,1699,76,17440,323483
E09000025,Newham,2007,1389,91,1288,1,2677,92,15263,1276720
E09000026,Redbridge,2007,1739,91,319,1,2058,92,19075,291368
E09000027,Richmond upon Thames,2007,1449,76,460,1,1909,78,18984,316253
E09000028,Southwark,2007,1331,102,1029,2,2361,104,13037,562763
E09000029,Sutton,2007,1264,69,341,1,1605,70,18336,350258
E09000030,Tower Hamlets,2007,903,75,728,1,1631,76,12065,565140
E09000031,Waltham Forest,2007,1493,90,342,1,1835,91,16589,330085
E09000032,Wandsworth,2007,1886,117,738,2,2624,119,16093,400753
E09000033,Westminster,2007,1197,89,2887,6,4084,95,13447,511869
E09000002,Barking and Dagenham,2008,823,65,224,0,1047,66,12593,449106
E09000003,Barnet,2008,2396,125,597,2,2992,128,19139,244879
E09000004,Bexley,2008,1380,88,724,1,2104,89,15619,1050170
E09000005,Brent,2008,1719,102,496,1,2215,103,16927,395049
E09000006,Bromley,2008,2239,127,422,1,2662,129,17581,292154
E09000007,Camden,2008,1076,79,1487,3,2564,82,13594,522763
E09000001,City of London,2008,35,3,905,1,940,4,13170,875815
E09000008,Croydon,2008,2238,135,489,2,2726,137,16548,312162
E09000009,Ealing,2008,1872,117,700,2,2572,119,15935,459729
E09000010,Enfield,2008,1735,106,589,1,2324,107,16324,486534
E09000011,Greenwich,2008,1278,92,1050,1,2327,93,13837,1127319
E09000012,Hackney,2008,1111,90,263,1,1374,91,12377,269481
E09000013,Hammersmith and Fulham,2008,1005,74,594,1,1599,75,13502,582824
E09000014,Haringey,2008,1448,95,343,1,1791,96,15219,286355
E09000015,Harrow,2008,1533,81,579,1,2112,82,18922,586852
E09000016,Havering,2008,1510,94,215,1,1725,95,16008,264822
E09000017,Hillingdon,2008,1581,96,1488,1,3069,98,16409,1212886
E09000018,Hounslow,2008,1289,83,535,1,1824,84,15616,477606
E09000019,Islington,2008,1050,87,614,1,1663,89,12015,469203
E09000020,Kensington and Chelsea,2008,992,71,916,3,1908,74,13941,363625
E09000021,Kingston upon Thames,2008,977,58,272,1,1249,59,16731,310597
E09000022,Lambeth,2008,1574,118,753,1,2327,120,13300,551929
E09000023,Lewisham,2008,1493,107,272,1,1765,108,13920,286295
E09000024,Merton,2008,1174,75,347,1,1521,76,15624,342881
E09000025,Newham,2008,1226,92,1296,1,2522,93,13326,1528301
E09000026,Redbridge,2008,1591,93,287,1,1878,94,17146,322430
E09000027,Richmond upon Thames,2008,1320,77,393,1,1713,78,17135,336256
E09000028,Southwark,2008,1183,103,990,2,2174,104,11530,637355
E09000029,Sutton,2008,1149,71,275,1,1424,71,16290,346942
E09000030,Tower Hamlets,2008,805,76,688,1,1494,77,10596,583454
E09000031,Waltham Forest,2008,1337,91,295,1,1632,92,14681,357444
E09000032,Wandsworth,2008,1701,118,661,2,2362,120,14380,439789
E09000033,Westminster,2008,1100,89,2689,5,3788,95,12298,510257
E09000002,Barking and Dagenham,2009,823,65,224,0,1047,66,12593,449106
E09000003,Barnet,2009,2396,125,597,2,2992,128,19139,244879
E09000004,Bexley,2009,1380,88,724,1,2104,89,15619,1050170
E09000005,Brent,2009,1719,102,496,1,2215,103,16927,395049
E09000006,Bromley,2009,2239,127,422,1,2662,129,17581,292154
E09000007,Camden,2009,1076,79,1487,3,2564,82,13594,522763
E09000001,City of London,2009,35,3,905,1,940,4,13170,875815
E09000008,Croydon,2009,2238,135,489,2,2726,137,16548,312162
E09000009,Ealing,2009,1872,117,700,2,2572,119,15935,459729
E09000010,Enfield,2009,1735,106,589,1,2324,107,16324,486534
E09000011,Greenwich,2009,1278,92,1050,1,2327,93,13837,1127319
E09000012,Hackney,2009,1111,90,263,1,1374,91,12377,269481
E09000013,Hammersmith and Fulham,2009,1005,74,594,1,1599,75,13502,582824
E09000014,Haringey,2009,1448,95,343,1,1791,96,15219,286355
E09000015,Harrow,2009,1533,81,579,1,2112,82,18922,586852
E09000016,Havering,2009,1510,94,215,1,1725,95,16008,264822
E09000017,Hillingdon,2009,1581,96,1488,1,3069,98,16409,1212886
E09000018,Hounslow,2009,1289,83,535,1,1824,84,15616,477606
E09000019,Islington,2009,1050,87,614,1,1663,89,12015,469203
E09000020,Kensington and Chelsea,2009,992,71,916,3,1908,74,13941,363625
E09000021,Kingston upon Thames,2009,977,58,272,1,1249,59,16731,310597
E09000022,Lambeth,2009,1574,118,753,1,2327,120,13300,551929
E09000023,Lewisham,2009,1493,107,272,1,1765,108,13920,286295
E09000024,Merton,2009,1174,75,347,1,1521,76,15624,342881
E09000025,Newham,2009,1226,92,1296,1,2522,93,13326,1528301
E09000026,Redbridge,2009,1591,93,287,1,1878,94,17146,322430
E09000027,Richmond upon Thames,2009,1320,77,393,1,1713,78,17135,336256
E09000028,Southwark,2009,1183,103,990,2,2174,104,11530,637355
E09000029,Sutton,2009,1149,71,275,1,1424,71,16290,346942
E09000030,Tower Hamlets,2009,805,76,688,1,1494,77,10596,583454
E09000031,Waltham Forest,2009,1337,91,295,1,1632,92,14681,357444
E09000032,Wandsworth,2009,1701,118,661,2,2362,120,14380,439789
E09000033,Westminster,2009,1100,89,2689,5,3788,95,12298,510257
E09000002,Barking and Dagenham,2010,825,65,221,0,1046,66,12599,444816
E09000003,Barnet,2010,2387,126,589,2,2976,128,19007,252202
E09000004,Bexley,2010,1380,89,738,1,2118,89,15571,1114712
E09000005,Brent,2010,1700,102,517,1,2217,103,16738,421478
E09000006,Bromley,2010,2232,128,414,1,2646,129,17454,295046
E09000007,Camden,2010,1070,79,1434,3,2504,82,13510,502882
E09000001,City of London,2010,35,3,864,1,899,4,13272,835570
E09000008,Croydon,2010,2225,136,493,2,2718,137,16368,324957
E09000009,Ealing,2010,1860,118,747,2,2607,119,15822,495874
E09000010,Enfield,2010,1723,107,565,1,2289,108,16145,486627
E09000011,Greenwich,2010,1271,92,1084,1,2356,93,13749,1178489
E09000012,Hackney,2010,1103,90,274,1,1377,91,12243,287193
E09000013,Hammersmith and Fulham,2010,1005,75,637,1,1642,76,13470,637472
E09000014,Haringey,2010,1434,95,335,1,1770,97,15026,294504
E09000015,Harrow,2010,1534,81,545,1,2079,82,18827,568475
E09000016,Havering,2010,1509,94,232,1,1741,95,15976,282629
E09000017,Hillingdon,2010,1574,97,1352,1,2925,98,16299,1117159
E09000018,Hounslow,2010,1282,83,674,1,1956,84,15493,599220
E09000019,Islington,2010,1034,87,615,1,1650,89,11843,472563
E09000020,Kensington and Chelsea,2010,994,71,949,3,1944,73,14035,371089
E09000021,Kingston upon Thames,2010,975,59,279,1,1254,59,16650,319988
E09000022,Lambeth,2010,1556,118,795,1,2351,120,13137,598988
E09000023,Lewisham,2010,1482,108,272,1,1754,109,13767,294856
E09000024,Merton,2010,1167,75,351,1,1518,76,15522,341705
E09000025,Newham,2010,1217,92,1316,1,2534,93,13228,1579886
E09000026,Redbridge,2010,1587,93,263,1,1849,94,17076,292928
E09000027,Richmond upon Thames,2010,1322,77,372,1,1694,78,17141,323940
E09000028,Southwark,2010,1168,103,1005,1,2173,104,11378,674772
E09000029,Sutton,2010,1140,71,259,1,1399,71,16165,331905
E09000030,Tower Hamlets,2010,797,76,703,1,1500,77,10479,591514
E09000031,Waltham Forest,2010,1327,91,332,1,1659,92,14542,403929
E09000032,Wandsworth,2010,1685,119,682,2,2367,120,14217,451015
E09000033,Westminster,2010,1098,89,2813,5,3911,95,12280,535034
E09000002,Barking and Dagenham,2011,2260,126,548,2,2808,128,17897,250829
E09000003,Barnet,2011,1288,89,772,1,2060,89,14504,1210123
E09000004,Bexley,2011,1601,102,521,1,2123,103,15707,447639
E09000005,Brent,2011,2099,128,394,1,2492,130,16367,292911
E09000006,Bromley,2011,1010,80,1464,3,2474,82,12693,525816
E09000007,Camden,2011,34,3,797,1,831,4,12667,796611
E09000001,City of London,2011,776,66,241,0,1017,66,11797,502881
E09000008,Croydon,2011,2104,137,462,1,2566,138,15411,331091
E09000009,Ealing,2011,1747,118,759,1,2506,119,14819,515564
E09000010,Enfield,2011,1614,107,605,1,2219,108,15076,527148
E09000011,Greenwich,2011,1192,92,1025,1,2217,93,12915,1137378
E09000012,Hackney,2011,1035,91,278,1,1313,92,11398,290191
E09000013,Hammersmith and Fulham,2011,935,75,616,1,1551,76,12500,633761
E09000014,Haringey,2011,1341,96,333,1,1674,97,13973,308953
E09000015,Harrow,2011,1454,82,476,1,1930,83,17801,520935
E09000016,Havering,2011,1406,95,220,1,1626,96,14788,271385
E09000017,Hillingdon,2011,1479,97,984,1,2463,98,15271,839500
E09000018,Hounslow,2011,1206,83,646,1,1853,84,14493,595754
E09000019,Islington,2011,965,88,581,1,1547,89,10998,465791
E09000020,Kensington and Chelsea,2011,938,71,912,2,1851,74,13178,374832
E09000021,Kingston upon Thames,2011,920,59,248,1,1168,60,15617,312257
E09000022,Lambeth,2011,1469,119,825,1,2294,120,12329,632740
E09000023,Lewisham,2011,1391,108,319,1,1710,109,12847,356471
E09000024,Merton,2011,1106,76,333,1,1439,77,14606,350185
E09000025,Newham,2011,1155,93,1365,1,2520,94,12467,1558084
E09000026,Redbridge,2011,1494,93,240,1,1734,94,16023,288668
E09000027,Richmond upon Thames,2011,1241,77,349,1,1590,79,16021,320229
E09000028,Southwark,2011,1103,103,915,1,2018,105,10693,631010
E09000029,Sutton,2011,1076,71,250,1,1326,72,15114,344341
E09000030,Tower Hamlets,2011,754,77,742,1,1496,78,9828,615562
E09000031,Waltham Forest,2011,1254,92,296,1,1550,93,13644,366293
E09000032,Wandsworth,2011,1591,119,637,1,2228,121,13353,448853
E09000033,Westminster,2011,1038,90,2683,5,3721,95,11541,523476
E09000002,Barking and Dagenham,2012,764,66,219,0,983,66,11620,461032
E09000003,Barnet,2012,2245,126,545,2,2791,129,17751,251383
E09000004,Bexley,2012,1291,89,730,1,2021,89,14550,1147993
E09000005,Brent,2012,1575,102,531,1,2106,103,15440,467596
E09000006,Bromley,2012,2106,128,404,1,2510,130,16392,311313
E09000007,Camden,2012,994,80,1464,3,2458,82,12493,525046
E09000001,City of London,2012,32,3,768,1,800,4,11980,785032
E09000008,Croydon,2012,2090,137,459,1,2550,138,15268,337371
E09000009,Ealing,2012,1728,118,736,1,2464,119,14675,504733
E09000010,Enfield,2012,1607,107,512,1,2119,108,14996,464599
E09000011,Greenwich,2012,1181,92,732,1,1913,93,12801,846155
E09000012,Hackney,2012,1013,91,311,1,1324,92,11152,323279
E09000013,Hammersmith and Fulham,2012,920,75,619,1,1539,76,12297,650274
E09000014,Haringey,2012,1317,96,332,1,1649,97,13712,310824
E09000015,Harrow,2012,1444,82,507,1,1951,83,17639,549237
E09000016,Havering,2012,1404,95,234,1,1637,96,14749,309852
E09000017,Hillingdon,2012,1474,97,991,1,2466,98,15224,869378
E09000018,Hounslow,2012,1194,83,643,1,1837,84,14373,612294
E09000019,Islington,2012,947,88,633,1,1580,89,10793,511826
E09000020,Kensington and Chelsea,2012,918,71,1112,2,2030,73,12933,453532
E09000021,Kingston upon Thames,2012,921,59,254,1,1174,60,15573,320897
E09000022,Lambeth,2012,1448,120,815,1,2264,121,12113,625785
E09000023,Lewisham,2012,1372,109,273,1,1646,110,12617,317207
E09000024,Merton,2012,1098,76,320,1,1417,77,14485,337814
E09000025,Newham,2012,1121,93,1019,1,2140,94,12073,1193214
E09000026,Redbridge,2012,1485,93,259,1,1744,94,15894,309814
E09000027,Richmond upon Thames,2012,1240,78,354,1,1594,79,15993,318659
E09000028,Southwark,2012,1080,103,981,1,2062,104,10529,679679
E09000029,Sutton,2012,1077,71,246,1,1323,72,15111,345536
E09000030,Tower Hamlets,2012,732,77,737,1,1468,78,9522,632767
E09000031,Waltham Forest,2012,1242,92,322,1,1565,93,13489,429138
E09000032,Wandsworth,2012,1584,119,604,1,2188,121,13282,428464
E09000033,Westminster,2012,1015,90,2711,5,3726,95,11317,543040
E09000002,Barking and Dagenham,2013,747,66,210,0,957,66,11366,435935
E09000003,Barnet,2013,2218,127,547,2,2765,129,17520,252251
E09000004,Bexley,2013,1260,89,728,1,1989,89,14195,1145335
E09000005,Brent,2013,1564,102,562,1,2126,103,15313,487102
E09000006,Bromley,2013,2075,129,413,1,2488,130,16087,320790
E09000007,Camden,2013,983,80,1501,3,2485,82,12364,542392
E09000001,City of London,2013,32,3,748,1,780,4,12179,761259
E09000008,Croydon,2013,2062,137,447,1,2509,139,15027,323542
E09000009,Ealing,2013,1710,118,743,1,2453,119,14503,502956
E09000010,Enfield,2013,1582,107,545,1,2127,108,14761,477653
E09000011,Greenwich,2013,1152,92,425,1,1576,93,12460,488007
E09000012,Hackney,2013,998,91,341,1,1339,92,10934,342386
E09000013,Hammersmith and Fulham,2013,909,75,580,1,1489,76,12138,587704
E09000014,Haringey,2013,1300,96,332,1,1633,97,13485,307535
E09000015,Harrow,2013,1437,82,420,1,1857,83,17512,439147
E09000016,Havering,2013,1366,95,227,1,1594,96,14341,304151
E09000017,Hillingdon,2013,1457,97,959,1,2416,98,14992,840440
E09000018,Hounslow,2013,1182,83,621,1,1803,84,14203,571323
E09000019,Islington,2013,930,88,610,1,1540,89,10583,478664
E09000020,Kensington and Chelsea,2013,910,71,915,2,1825,73,12854,371728
E09000021,Kingston upon Thames,2013,911,59,256,1,1166,60,15358,315848
E09000022,Lambeth,2013,1423,120,857,1,2280,121,11871,639533
E09000023,Lewisham,2013,1346,109,270,1,1616,110,12351,303644
E09000024,Merton,2013,1086,76,327,1,1413,77,14303,339061
E09000025,Newham,2013,1103,93,1041,1,2144,94,11864,1140467
E09000026,Redbridge,2013,1461,94,245,1,1706,95,15597,295341
E09000027,Richmond upon Thames,2013,1225,78,383,1,1608,79,15764,349159
E09000028,Southwark,2013,1061,102,996,1,2057,104,10364,674715
E09000029,Sutton,2013,1062,71,240,1,1302,72,14881,326121
E09000030,Tower Hamlets,2013,726,77,731,1,1457,78,9391,600075
E09000031,Waltham Forest,2013,1223,92,310,1,1533,93,13226,407822
E09000032,Wandsworth,2013,1558,120,636,1,2195,121,13036,453936
E09000033,Westminster,2013,1004,89,2714,5,3718,94,11228,542565
E09000002,Barking and Dagenham,2014,734,66,251,1,1034,66,11154,496336
E09000003,Barnet,2014,2177,127,601,2,2778,129,17156,283401
E09000004,Bexley,2014,1234,89,745,1,1979,90,13884,1169391
E09000005,Brent,2014,1534,102,585,1,2119,103,15001,499602
E09000006,Bromley,2014,2035,129,413,1,2448,131,15739,315908
E09000007,Camden,2014,966,79,1439,3,2405,82,12158,527917
E09000001,City of London,2014,30,3,816,1,846,4,11773,800392
E09000008,Croydon,2014,2033,138,444,1,2478,140,14711,332830
E09000009,Ealing,2014,1674,118,825,1,2499,119,14198,575892
E09000010,Enfield,2014,1547,107,550,1,2097,109,14399,491684
E09000011,Greenwich,2014,1130,92,1044,1,2174,93,12221,1165976
E09000012,Hackney,2014,978,92,332,1,1310,93,10658,325971
E09000013,Hammersmith and Fulham,2014,888,75,565,1,1453,76,11854,567013
E09000014,Haringey,2014,1270,97,340,1,1610,98,13147,318295
E09000015,Harrow,2014,1420,82,380,1,1799,83,17226,419788
E09000016,Havering,2014,1339,96,230,1,1569,97,13959,306353
E09000017,Hillingdon,2014,1437,98,942,1,2379,99,14719,826157
E09000018,Hounslow,2014,1164,83,646,1,1811,85,13952,584928
E09000019,Islington,2014,910,88,690,1,1600,89,10354,538719
E09000020,Kensington and Chelsea,2014,885,70,942,2,1826,73,12559,381336
E09000021,Kingston upon Thames,2014,895,60,244,1,1139,61,14978,308136
E09000022,Lambeth,2014,1389,120,844,1,2234,121,11596,625548
E09000023,Lewisham,2014,1323,109,283,1,1606,110,12082,321550
E09000024,Merton,2014,1067,76,335,1,1402,77,14004,358089
E09000025,Newham,2014,1086,93,956,1,2042,94,11672,1029074
E09000026,Redbridge,2014,1435,94,247,1,1683,95,15278,303106
E09000027,Richmond upon Thames,2014,1203,78,356,1,1559,79,15448,336766
E09000028,Southwark,2014,1041,102,938,1,1979,104,10177,639562
E09000029,Sutton,2014,1043,71,238,1,1281,72,14590,341869
E09000030,Tower Hamlets,2014,711,77,719,1,1430,78,9217,583214
E09000031,Waltham Forest,2014,1202,93,304,1,1506,94,12960,382413
E09000032,Wandsworth,2014,1527,120,630,1,2157,121,12735,457136
E09000033,Westminster,2014,982,89,2607,5,3589,94,11031,527829
E09000002,Barking and Dagenham,2015,734,66,244,1,978,66,11166,484529
E09000003,Barnet,2015,2171,127,564,2,2735,129,17073,266610
E09000004,Bexley,2015,1242,89,707,1,1949,90,13917,1112809
E09000005,Brent,2015,1533,103,572,1,2104,104,14916,485288
E09000006,Bromley,2015,2060,130,409,1,2470,131,15873,319978
E09000007,Camden,2015,955,79,1395,3,2350,82,12067,518160
E09000001,City of London,2015,30,3,854,1,885,4,11945,856181
E09000008,Croydon,2015,2058,139,433,1,2490,140,14819,327042
E09000009,Ealing,2015,1658,118,747,1,2405,120,14014,530809
E09000010,Enfield,2015,1546,108,530,1,2076,109,14335,481393
E09000011,Greenwich,2015,1135,93,441,1,1576,94,12244,503987
E09000012,Hackney,2015,965,92,340,1,1305,93,10547,330009
E09000013,Hammersmith and Fulham,2015,874,75,591,1,1465,76,11660,594393
E09000014,Haringey,2015,1263,97,315,1,1578,98,13062,298750
E09000015,Harrow,2015,1417,83,344,1,1760,84,17114,379755
E09000016,Havering,2015,1336,97,237,1,1573,97,13839,312980
E09000017,Hillingdon,2015,1424,98,738,1,2161,99,14530,647834
E09000018,Hounslow,2015,1150,84,617,1,1767,85,13757,565215
E09000019,Islington,2015,899,88,639,1,1538,89,10262,510879
E09000020,Kensington and Chelsea,2015,870,70,895,2,1765,73,12407,374580
E09000021,Kingston upon Thames,2015,896,60,245,1,1141,61,14911,328340
E09000022,Lambeth,2015,1386,120,870,1,2256,121,11567,637778
E09000023,Lewisham,2015,1334,110,377,1,1711,111,12166,443562
E09000024,Merton,2015,1072,76,320,1,1392,77,14020,334831
E09000025,Newham,2015,1083,93,985,1,2067,94,11604,1060898
E09000026,Redbridge,2015,1429,94,242,1,1671,95,15202,291571
E09000027,Richmond upon Thames,2015,1181,78,317,1,1498,79,15147,299156
E09000028,Southwark,2015,1040,102,997,1,2037,103,10191,679139
E09000029,Sutton,2015,1048,72,244,1,1293,72,14610,355100
E09000030,Tower Hamlets,2015,702,77,741,1,1443,78,9115,584371
E09000031,Waltham Forest,2015,1197,93,289,1,1485,94,12857,380957
E09000032,Wandsworth,2015,1518,120,615,1,2134,122,12640,443532
E09000033,Westminster,2015,966,88,2498,5,3465,93,10936,513430
E09000002,Barking and Dagenham,2016,738,66,220,0,958,67,11122,449125
E09000003,Barnet,2016,2163,128,525,2,2688,130,16852,255324
E09000004,Bexley,2016,1222,90,695,1,1917,91,13549,1101853
E09000005,Brent,2016,1523,103,537,1,2060,104,14765,465297
E09000006,Bromley,2016,2016,131,385,1,2401,132,15451,299321
E09000007,Camden,2016,947,79,1470,3,2417,82,11966,546236
E09000001,City of London,2016,30,3,773,1,803,4,11680,788215
E09000008,Croydon,2016,2019,140,446,1,2465,141,14462,338483
E09000009,Ealing,2016,1652,119,686,1,2338,120,13916,492138
E09000010,Enfield,2016,1539,108,503,1,2042,110,14192,452756
E09000011,Greenwich,2016,1118,93,467,1,1585,94,12013,534111
E09000012,Hackney,2016,968,92,333,1,1301,93,10520,324138
E09000013,Hammersmith and Fulham,2016,875,75,552,1,1427,76,11658,548633
E09000014,Haringey,2016,1255,97,349,1,1604,98,12965,338543
E09000015,Harrow,2016,1411,83,248,1,1659,84,16913,268358
E09000016,Havering,2016,1330,97,230,1,1559,98,13672,300905
E09000017,Hillingdon,2016,1427,99,678,1,2105,100,14453,603895
E09000018,Hounslow,2016,1158,84,601,1,1759,86,13718,557094
E09000019,Islington,2016,896,88,681,1,1577,89,10222,554041
E09000020,Kensington and Chelsea,2016,867,70,870,2,1737,72,12405,365043
E09000021,Kingston upon Thames,2016,883,60,232,1,1116,61,14662,302299
E09000022,Lambeth,2016,1370,120,832,1,2202,122,11391,606268
E09000023,Lewisham,2016,1314,110,350,1,1665,111,11944,409901
E09000024,Merton,2016,1056,77,303,1,1359,78,13763,318865
E09000025,Newham,2016,1079,93,935,1,2014,94,11554,1046992
E09000026,Redbridge,2016,1429,94,229,1,1658,95,15126,281472
E09000027,Richmond upon Thames,2016,1183,78,312,1,1495,79,15104,298362
E09000028,Southwark,2016,1027,102,990,1,2017,104,10049,664097
E09000029,Sutton,2016,1031,72,231,1,1263,73,14316,329569
E09000030,Tower Hamlets,2016,698,77,744,1,1442,78,9061,587792
E09000031,Waltham Forest,2016,1192,93,280,1,1472,94,12766,363808
E09000032,Wandsworth,2016,1502,120,686,1,2188,122,12476,499296
E09000033,Westminster,2016,957,88,2492,5,3449,93,10849,514054
E09000002,Barking and Dagenham,2017,966,79,1534,3,2499,82,12215,569345
E09000003,Barnet,2017,990,92,380,1,1370,93,10743,368312
E09000004,Bexley,2017,897,75,566,1,1463,76,11940,560526
E09000005,Brent,2017,1283,97,348,1,1631,98,13228,326828
E09000006,Bromley,2017,916,88,679,1,1595,89,10449,544051
E09000007,Camden,2017,883,70,867,2,1750,72,12661,351552
E09000001,City of London,2017,28,2,819,1,847,3,11398,838271
E09000008,Croydon,2017,1404,120,779,1,2183,122,11661,569166
E09000009,Ealing,2017,1347,110,343,1,1690,111,12211,388444
E09000010,Enfield,2017,1106,93,957,1,2063,94,11828,1063323
E09000011,Greenwich,2017,1051,102,1023,1,2075,104,10297,696496
E09000012,Hackney,2017,710,77,794,1,1504,78,9213,611329
E09000013,Hammersmith and Fulham,2017,1545,121,611,1,2156,122,12812,441956
E09000014,Haringey,2017,973,88,2644,5,3617,93,11055,543947
E09000015,Harrow,2017,770,67,220,0,990,67,11532,450801
E09000016,Havering,2017,2212,129,546,2,2758,131,17158,255305
E09000017,Hillingdon,2017,1251,90,699,1,1950,91,13851,1048140
E09000018,Hounslow,2017,1547,103,520,1,2067,105,14973,441495
E09000019,Islington,2017,2062,131,379,1,2442,132,15762,284280
E09000020,Kensington and Chelsea,2017,2070,141,454,1,2524,142,14729,338341
E09000021,Kingston upon Thames,2017,1692,119,721,1,2413,120,14216,502390
E09000022,Lambeth,2017,1589,109,526,1,2115,110,14600,483908
E09000023,Lewisham,2017,1152,93,455,1,1607,94,12353,519906
E09000024,Merton,2017,1442,84,243,1,1685,85,17199,265614
E09000025,Newham,2017,1373,98,235,1,1608,98,14075,306636
E09000026,Redbridge,2017,1462,99,742,1,2204,100,14764,642624
E09000027,Richmond upon Thames,2017,1188,85,574,1,1762,86,14010,530916
E09000028,Southwark,2017,903,61,240,1,1143,61,14918,309507
E09000029,Sutton,2017,1084,77,303,1,1388,78,14078,317103
E09000030,Tower Hamlets,2017,1467,95,241,1,1707,96,15449,287339
E09000031,Waltham Forest,2017,1205,78,308,1,1513,79,15392,284654
E09000032,Wandsworth,2017,1054,72,263,1,1316,73,14571,374056
E09000033,Westminster,2017,1217,94,281,1,1498,95,12989,352943
E09000002,Barking and Dagenham,2018,769,67,209,1,978,67,11545,397930
E09000003,Barnet,2018,2210,129,578,2,2787,132,17070,262872
E09000004,Bexley,2018,1246,90,711,1,1957,91,13796,993009
E09000005,Brent,2018,1548,103,589,1,2137,105,14958,474443
E09000006,Bromley,2018,2067,131,378,1,2445,133,15734,260836
E09000007,Camden,2018,964,79,1598,3,2562,82,12225,587587
E09000001,City of London,2018,28,2,838,1,866,3,11462,872236
E09000008,Croydon,2018,2083,141,483,1,2566,143,14729,339294
E09000009,Ealing,2018,1695,120,731,2,2426,121,14142,474285
E09000010,Enfield,2018,1585,109,530,1,2115,110,14520,475567
E09000011,Greenwich,2018,1155,94,533,1,1687,94,12341,569801
E09000012,Hackney,2018,992,92,390,1,1382,93,10756,364906
E09000013,Hammersmith and Fulham,2018,895,75,580,1,1475,76,11925,540772
E09000014,Haringey,2018,1280,97,368,1,1648,98,13219,329477
E09000015,Harrow,2018,1441,84,249,1,1689,85,17112,268444
E09000016,Havering,2018,1374,98,256,1,1630,99,14028,315376
E09000017,Hillingdon,2018,1463,99,693,1,2156,101,14714,581009
E09000018,Hounslow,2018,1190,85,583,1,1773,86,14029,509956
E09000019,Islington,2018,913,88,673,1,1586,89,10422,522378
E09000020,Kensington and Chelsea,2018,886,70,903,2,1790,72,12752,365459
E09000021,Kingston upon Thames,2018,906,61,243,1,1149,61,14934,304122
E09000022,Lambeth,2018,1408,121,747,1,2156,122,11678,520808
E09000023,Lewisham,2018,1347,110,361,1,1708,111,12213,381751
E09000024,Merton,2018,1084,77,306,1,1390,78,14029,309656
E09000025,Newham,2018,1107,93,944,1,2051,94,11842,1003964
E09000026,Redbridge,2018,1469,95,253,1,1722,96,15413,276014
E09000027,Richmond upon Thames,2018,1207,78,305,1,1512,80,15392,281525
E09000028,Southwark,2018,1052,102,968,2,2020,103,10323,636187
E09000029,Sutton,2018,1055,73,271,1,1326,73,14550,368417
E09000030,Tower Hamlets,2018,713,77,851,1,1564,79,9226,637448
E09000031,Waltham Forest,2018,1218,94,314,1,1532,95,12976,375451
E09000032,Wandsworth,2018,1546,121,626,2,2171,122,12802,416770
E09000033,Westminster,2018,977,88,2613,5,3590,93,11125,537187
E09000002,Barking and Dagenham,2019,788,66,214,1,1002,66,11979,425175
E09000003,Barnet,2019,2240,128,532,2,2772,130,17459,249187
E09000004,Bexley,2019,1256,90,722,1,1979,90,13998,1034745
E09000005,Brent,2019,1580,102,590,1,2170,103,15496,482457
E09000006,Bromley,2019,2088,131,370,1,2458,132,15995,273662
E09000007,Camden,2019,972,77,1528,3,2501,79,12654,591702
E09000001,City of London,2019,31,2,752,1,783,3,13726,852034
E09000008,Croydon,2019,2120,141,458,1,2579,142,15046,327462
E09000009,Ealing,2019,1723,119,682,1,2405,120,14512,469935
E09000010,Enfield,2019,1607,108,567,1,2174,109,14843,514254
E09000011,Greenwich,2019,1173,93,508,1,1681,93,12675,553178
E09000012,Hackney,2019,1008,91,365,1,1373,92,11123,354408
E09000013,Hammersmith and Fulham,2019,904,74,552,1,1457,75,12236,547548
E09000014,Haringey,2019,1296,95,347,1,1642,96,13605,321887
E09000015,Harrow,2019,1467,84,231,1,1698,85,17531,255667
E09000016,Havering,2019,1387,97,241,1,1628,98,14240,306276
E09000017,Hillingdon,2019,1494,99,668,1,2162,100,15092,594022
E09000018,Hounslow,2019,1215,84,562,1,1777,85,14435,513046
E09000019,Islington,2019,927,86,661,1,1588,87,10778,551526
E09000020,Kensington and Chelsea,2019,891,67,841,2,1731,70,13219,352104
E09000021,Kingston upon Thames,2019,914,60,238,1,1152,61,15156,306734
E09000022,Lambeth,2019,1432,119,714,1,2146,121,12021,512553
E09000023,Lewisham,2019,1372,109,377,1,1749,110,12582,422633
E09000024,Merton,2019,1105,77,291,1,1396,78,14421,307517
E09000025,Newham,2019,1130,92,975,1,2105,93,12266,1038956
E09000026,Redbridge,2019,1491,94,250,1,1741,95,15778,282487
E09000027,Richmond upon Thames,2019,1216,78,278,1,1494,79,15620,267444
E09000028,Southwark,2019,1072,100,974,1,2046,101,10733,678985
E09000029,Sutton,2019,1065,72,258,1,1324,73,14775,346100
E09000030,Tower Hamlets,2019,724,76,832,1,1557,77,9537,635332
E09000031,Waltham Forest,2019,1237,93,286,1,1523,94,13330,353926
E09000032,Wandsworth,2019,1565,120,654,1,2218,121,13083,459802
E09000033,Westminster,2019,989,84,2409,5,3398,89,11709,524641
E09000002,Barking and Dagenham,2020,800,65,216,1,1017,66,12260,421053
E09000003,Barnet,2020,2263,128,629,2,2892,130,17696,280637
E09000004,Bexley,2020,1275,90,686,1,1961,90,14236,1014260
E09000005,Brent,2020,1588,102,647,1,2235,103,15630,518575
E09000006,Bromley,2020,2114,130,371,1,2485,132,16199,272746
E09000007,Camden,2020,973,77,1574,2,2547,79,12711,649438
E09000001,City of London,2020,28,2,733,1,761,3,12358,976423
E09000008,Croydon,2020,2142,141,452,1,2594,143,15176,323607
E09000009,Ealing,2020,1731,118,632,1,2363,120,14616,444164
E09000010,Enfield,2020,1649,108,559,1,2208,109,15237,514274
E09000011,Greenwich,2020,1187,92,524,1,1712,93,12893,577470
E09000012,Hackney,2020,1015,90,372,1,1388,91,11249,357382
E09000013,Hammersmith and Fulham,2020,907,74,568,1,1475,75,12306,584190
E09000014,Haringey,2020,1313,95,382,1,1695,96,13862,359978
E09000015,Harrow,2020,1482,84,251,1,1733,85,17731,271410
E09000016,Havering,2020,1413,97,250,1,1663,98,14508,320348
E09000017,Hillingdon,2020,1505,99,687,1,2192,100,15194,623176
E09000018,Hounslow,2020,1219,84,553,1,1772,85,14486,506997
E09000019,Islington,2020,929,86,637,1,1566,87,10861,552263
E09000020,Kensington and Chelsea,2020,878,67,824,2,1702,69,13164,352341
E09000021,Kingston upon Thames,2020,922,60,244,1,1167,61,15291,321631
E09000022,Lambeth,2020,1444,119,721,1,2165,120,12169,521298
E09000023,Lewisham,2020,1387,109,351,1,1738,110,12759,386942
E09000024,Merton,2020,1115,77,297,1,1412,78,14548,305513
E09000025,Newham,2020,1137,92,919,1,2056,93,12391,1004481
E09000026,Redbridge,2020,1514,94,244,1,1758,95,16022,277103
E09000027,Richmond upon Thames,2020,1230,78,280,1,1509,79,15835,270602
E09000028,Southwark,2020,1077,99,956,1,2033,101,10839,718997
E09000029,Sutton,2020,1076,72,300,1,1376,73,14942,406260
E09000030,Tower Hamlets,2020,723,75,806,1,1529,77,9580,644784
E09000031,Waltham Forest,2020,1249,93,279,1,1528,94,13474,343902
E09000032,Wandsworth,2020,1577,119,670,1,2248,121,13219,480872
E09000033,Westminster,2020,978,84,2212,4,3190,88,11679,528683
E09000002,Barking and Dagenham,2021,772,65,228,1,1000,66,11824,436988
E09000003,Barnet,2021,2176,128,541,2,2717,131,16951,248162
E09000004,Bexley,2021,1217,90,678,1,1896,90,13571,958046
E09000005,Brent,2021,1538,101,628,1,2167,103,15157,507050
E09000006,Bromley,2021,2021,131,362,1,2383,132,15456,267931
E09000007,Camden,2021,942,76,1460,2,2403,79,12373,587722
E09000001,City of London,2021,28,2,723,1,751,3,12546,906406
E09000008,Croydon,2021,2070,142,524,1,2595,143,14606,370660
E09000009,Ealing,2021,1667,118,670,1,2337,120,14079,463151
E09000010,Enfield,2021,1578,108,509,1,2087,110,14548,465638
E09000011,Greenwich,2021,1144,92,544,1,1688,93,12415,574799
E09000012,Hackney,2021,979,90,370,1,1349,91,10852,357163
E09000013,Hammersmith and Fulham,2021,875,74,570,1,1444,75,11868,581977
E09000014,Haringey,2021,1258,95,368,1,1626,96,13280,333993
E09000015,Harrow,2021,1431,84,261,1,1692,85,17080,285361
E09000016,Havering,2021,1344,98,246,1,1590,98,13771,310006
E09000017,Hillingdon,2021,1451,99,685,1,2135,100,14609,614070
E09000018,Hounslow,2021,1176,84,523,1,1699,85,13962,489282
E09000019,Islington,2021,895,85,625,1,1520,87,10470,522102
E09000020,Kensington and Chelsea,2021,861,66,891,2,1752,69,12962,368133
E09000021,Kingston upon Thames,2021,883,60,235,1,1119,61,14639,295101
E09000022,Lambeth,2021,1387,119,839,1,2226,120,11701,596918
E09000023,Lewisham,2021,1335,109,348,1,1682,110,12259,385948
E09000024,Merton,2021,1074,77,307,1,1381,78,14005,322372
E09000025,Newham,2021,1103,92,937,1,2039,93,12008,994203
E09000026,Redbridge,2021,1454,94,250,1,1704,95,15396,270043
E09000027,Richmond upon Thames,2021,1177,78,282,1,1459,79,15161,269093
E09000028,Southwark,2021,1044,99,947,1,1991,101,10534,687573
E09000029,Sutton,2021,1034,72,280,1,1314,73,14339,388052
E09000030,Tower Hamlets,2021,706,75,838,1,1544,77,9352,649462
E09000031,Waltham Forest,2021,1194,93,296,1,1490,94,12847,360983
E09000032,Wandsworth,2021,1517,119,675,1,2192,121,12702,471380
E09000033,Westminster,2021,946,83,2418,4,3364,87,11402,544031
